Name,X-Koordinate,Y-Koordinate,Oberf√§che,Datum,Temperatur
ABP9922,4459725.34,5340977.83,497.5,2009-07-25T00:00:00Z,9.9
ABP9926,4460005.12,5341245.74,498.9,2009-07-25T00:00:00Z,12
BP 25,4464281.7,5331784.15,534.17,2009-07-26T00:00:00Z,9.9
BP 26,4464222.46,5330721.24,542.08,2009-07-27T00:00:00Z,10.5
BP 32,4460920.72,5337893.07,509.09,2009-07-25T00:00:00Z,11.6
BP 49,4463842.95,5339413.73,501.5,2009-07-24T00:00:00Z,11.3
BP 58,4466153.87,5330454.93,530.62,2009-07-25T00:00:00Z,11.1
BP 64,4475337.58,5335358.36,514.6,2009-07-24T00:00:00Z,13.3
BP 65,4475297.42,5336046.5,512.1,2009-07-24T00:00:00Z,13.1
BP 67,4470481.63,5339114.49,502.29,2009-07-25T00:00:00Z,12.8
BP 68,4475982.19,5336981.66,509.1,2009-07-24T00:00:00Z,10.5
BP 69,4476385.72,5337177.1,508.6,2009-07-24T00:00:00Z,11.1
BWPA 356,4474999.45,5335873.76,512.8,2009-07-24T00:00:00Z,11.4
BWPA 413,4475894.31,5335487.25,514.2,2009-07-24T00:00:00Z,11
BWPA 416,4474157.99,5336904.04,509,2009-07-24T00:00:00Z,13.4
DB02227,4469636.93,5332588.12,526.07,2009-07-25T00:00:00Z,14.2
FLP7608,4465366.36,5341312.52,495.39,2009-07-23T00:00:00Z,17
FLP7618,4463921.3,5342148.45,492,2009-07-24T00:00:00Z,12.5
FLP8004,4465565.42,5339858.76,501.24,2009-07-23T00:00:00Z,10.7
FLP8012,4464076.1,5339897.45,499.9,2009-07-24T00:00:00Z,14.4
KP 119,4464214.21,5336541.56,513.5,2009-07-24T00:00:00Z,11.8
KP 127,4465611.45,5336471.33,512.8,2009-07-23T00:00:00Z,12.3
KP 128,4467425.81,5336797.75,513.47,2009-07-23T00:00:00Z,14.7
KP 135,4465795.53,5338275.81,507.3,2009-07-25T00:00:00Z,13.2
KP 15,4475025.21,5331422.98,529.2,2009-07-23T00:00:00Z,12.9
KP 168,4464305.5,5334906.44,521.4,2009-07-25T00:00:00Z,11
KP 169,4464012.16,5335204.61,519.49,2009-07-23T00:00:00Z,11.3
KP 171,4460445.95,5338745.78,509.3,2009-07-25T00:00:00Z,11.7
KP 187,4464111.78,5338682.24,503.7,2009-07-25T00:00:00Z,12.9
KP 193,4466182.91,5340294.76,500.2,2009-07-24T00:00:00Z,11.9
KP 207,4474753.81,5332678.31,523.87,2009-07-23T00:00:00Z,12.8
KP 208,4475867.5,5332628.9,524.9,2009-07-23T00:00:00Z,15.9
KP 212,4472796.22,5333106.5,522.4,2009-07-23T00:00:00Z,12
KP 216,4474028.21,5333599.57,522.4,2009-07-23T00:00:00Z,11.5
KP 220,4474568.14,5331057.51,530.8,2009-07-24T00:00:00Z,12.5
KP 227,4476758.31,5333430.6,523.7,2009-07-23T00:00:00Z,11.2
KP 229,4477509.44,5333629.07,525.6,2009-07-23T00:00:00Z,11.2
KP 237,4474650.11,5336260.72,511.45,2009-07-26T00:00:00Z,12.5
KP 238,4474850.68,5336542.1,510.57,2009-07-24T00:00:00Z,12
KP 239,4475047.44,5336407.5,511,2009-07-24T00:00:00Z,11.7
KP 246,4474129,5331682,528.44,2009-07-23T00:00:00Z,11.7
KP 248,4474738.52,5329584.5,536.86,2009-07-28T00:00:00Z,13.1
KP 250,4470053.51,5333224.33,523.94,2009-07-24T00:00:00Z,15.8
KP 256,4474168.06,5337415.8,508.92,2009-07-24T00:00:00Z,14.2
KP 257,4474618.44,5338036.11,505.5,2009-07-24T00:00:00Z,14.4
KP 258,4475335.13,5338061.08,505.4,2009-07-24T00:00:00Z,13.1
KP 260,4472774.43,5332789.09,524.5,2009-07-23T00:00:00Z,11.7
KP 267,4473819.02,5332520.71,525.1,2009-07-23T00:00:00Z,11.8
KP 269,4472072.23,5333691.62,525.8,2009-07-24T00:00:00Z,12.9
KP 271,4476269.81,5332232.08,528,2009-07-28T00:00:00Z,10
KP 284,4475298.99,5333063.27,522.5,2009-07-24T00:00:00Z,14.6
KP 286,4471769.19,5336022.29,520.35,2009-07-26T00:00:00Z,11.7
KP 288,4469439.44,5332314.21,528.95,2009-07-24T00:00:00Z,11.3
KP 290,4477950.32,5329837.6,540.6,2009-07-24T00:00:00Z,9.6
KP 293,4472495.82,5335612.92,517.85,2009-07-26T00:00:00Z,11.6
KP 295,4473070.29,5329745.87,533.8,2009-07-24T00:00:00Z,11.2
KP 301,4465604.67,5333660.72,524.41,2009-07-25T00:00:00Z,13
KP 310,4465945.02,5330930.64,527.08,2009-07-26T00:00:00Z,10.7
KP 329,4465290.39,5331985.41,532.42,2009-07-24T00:00:00Z,10.2
KP 330,4467953.36,5332126.56,516.9,2009-07-25T00:00:00Z,12.2
KP 347,4467582.08,5341570.67,0,2009-07-26T00:00:00Z,12.8
KP 352,4460441.69,5335879.71,520,2009-07-25T00:00:00Z,11
KP 364,4456428.42,5337756.37,512.66,2009-07-25T00:00:00Z,12.8
KP 368,4456793.14,5338229.35,510.4,2009-07-25T00:00:00Z,12.2
KP 374,4456024.17,5337368.62,514.2,2009-07-25T00:00:00Z,13.1
KP 379,4462172.47,5333997.95,526.7,2009-07-27T00:00:00Z,11.8
KP 380,4460392.22,5335086.94,524.1,2009-07-23T00:00:00Z,11.1
KP 381,4455060.79,5336046.84,523.04,2009-07-25T00:00:00Z,10.5
KP 383,4454955.5,5337893.08,511.47,2009-07-23T00:00:00Z,14.1
KP 390,4462803.79,5335151.41,521.2,2009-07-23T00:00:00Z,10.1
KP 391,4460526.04,5336829.29,516.4,2009-07-25T00:00:00Z,11.5
KP 392,4461950.27,5336588.26,515.2,2009-07-23T00:00:00Z,11
KP 412,4466468.1,5342134.2,494.3,2009-07-25T00:00:00Z,15.7
KP 427,4470293.62,5341295.36,496.7,2009-07-24T00:00:00Z,14.4
KP 428,4469386.39,5339660.56,501.67,2009-07-25T00:00:00Z,10.8
KP 446,4465725.07,5342222.87,492.3,2009-07-25T00:00:00Z,12.8
KP 447,4465687.5,5342211.58,492.4,2009-07-25T00:00:00Z,12.8
KP 448,4466056.19,5342152.51,493.3,2009-07-25T00:00:00Z,15.3
KP 449,4466056.15,5342145.51,493.3,2009-07-25T00:00:00Z,15.3
KP 450,4466541.67,5342591.8,492.6,2009-07-25T00:00:00Z,12.4
KP 462,4470754.94,5338795.97,501.16,2009-07-23T00:00:00Z,15.7
KP 463,4471057.63,5338921.27,501.09,2009-07-23T00:00:00Z,13.6
KP 47,4464401.8,5326822.57,566.42,2009-07-26T00:00:00Z,12.3
KP 471,4471793.06,5340287.02,496.22,2009-07-25T00:00:00Z,12.5
KP 478,4471335.89,5339807.04,498.8,2009-07-24T00:00:00Z,10.3
KP 500,4459810.42,5340417.25,501.8,2009-07-25T00:00:00Z,11.1
KP 502,4459458.84,5340672.72,499.5,2009-07-25T00:00:00Z,13.3
KP 504,4458742.8,5340220.71,502.6,2009-07-25T00:00:00Z,11.2
KP 506,4456004,5340562.35,500.37,2009-07-25T00:00:00Z,11.2
KP 51,4467184.54,5331156.92,520.05,2009-07-23T00:00:00Z,13.7
KP 518,4461205.65,5337018.48,514,2009-07-23T00:00:00Z,11.2
KP 519,4458796.76,5338441.68,510.8,2009-07-25T00:00:00Z,13.6
KP 52,4453851.92,5335264.02,524,2009-07-25T00:00:00Z,10.9
KP 520,4457946.09,5337169.9,517.2,2009-07-25T00:00:00Z,10.3
KP 521,4458032.75,5334451.95,528.75,2009-07-24T00:00:00Z,10.3
KP 532,4461261.91,5342542.07,492.6,2009-07-24T00:00:00Z,14.8
KP 534,4461595.03,5342027.66,494,2009-07-24T00:00:00Z,16.2
KP 539,4459535.62,5336500.18,517.7,2009-07-25T00:00:00Z,11
KP 549,4457318.46,5338011.34,512.1,2009-07-25T00:00:00Z,13.3
KP 552,4458741.38,5337662.46,513.7,2009-07-25T00:00:00Z,10.8
KP 554,4455593.65,5337725.6,517.9,2009-07-24T00:00:00Z,9.6
KP 562,4463664.29,5337436.66,509.3,2009-07-25T00:00:00Z,11.9
KP 565,4464294.18,5336092.08,515.3,2009-07-25T00:00:00Z,11.5
KP 587,4455903.78,5338358.91,516.36,2009-07-24T00:00:00Z,10.7
KP 590,4463381.78,5340648.41,497.8,2009-07-24T00:00:00Z,12.8
KP 61,4466126.61,5336670.95,513.3,2009-07-23T00:00:00Z,13.3
KP 627,4464752.86,5340292.17,498.9,2009-07-26T00:00:00Z,12.2
KP 671,4464882.41,5340652.15,497.18,2009-07-23T00:00:00Z,11.1
KP 675,4472757.34,5337386.21,512.65,2009-07-26T00:00:00Z,11.9
KP 677,4473354.66,5336214.57,517.7,2009-07-26T00:00:00Z,11.3
KP 701,4478833.45,5330337.32,539.2,2009-07-24T00:00:00Z,9.2
KP 702,4477587.08,5330779.55,536.1,2009-07-24T00:00:00Z,9.7
KP 705,4475582.98,5330122.28,536,2009-07-23T00:00:00Z,12.3
KP 710,4478794.8,5332735.64,529.87,2009-07-28T00:00:00Z,9.3
KP 741,4460149.03,5336386.22,519.1,2009-07-25T00:00:00Z,11
KP 742,4461172.6,5336476.63,516.4,2009-07-24T00:00:00Z,11.2
KP 749,4454372.85,5336511.66,517.8,2009-07-25T00:00:00Z,9.3
KP 755,4455429.7,5335037.77,527,2009-07-25T00:00:00Z,9.7
KP 756,4456191.58,5335201.91,526,2009-07-25T00:00:00Z,9.8
KP 761,4455053.86,5332148,543.3,2009-07-25T00:00:00Z,9.3
KP 763,4453088.81,5336871.57,517.2,2009-07-25T00:00:00Z,11.4
KP 764,4454621.44,5339301.03,507.5,2009-07-25T00:00:00Z,11.3
KP 765,4453686.42,5338065.76,513.3,2009-07-25T00:00:00Z,10.8
KP 767,4457218.2,5333048.18,537.8,2009-07-24T00:00:00Z,9.8
KP 768,4454971.97,5340512.53,501.8,2009-07-25T00:00:00Z,12.4
KP 769,4458927.43,5333049.59,532.1,2009-07-24T00:00:00Z,10.5
KP 771,4459556.53,5332967.08,535.42,2009-07-25T00:00:00Z,10.7
KP 773,4453448.22,5335950.78,521.5,2009-07-25T00:00:00Z,10
KP 792,4470484.59,5328948.1,541.67,2009-07-24T00:00:00Z,10.7
KP 808,4473619.75,5337364.87,511.9,2009-07-24T00:00:00Z,11.2
KP 817,4471303.01,5335275.9,522.7,2009-07-26T00:00:00Z,13.3
KP 820,4477325.89,5333981.08,522.2,2009-07-23T00:00:00Z,11.3
KP 842,4468412.58,5329852.86,538.25,2009-07-24T00:00:00Z,10.1
KP 9,4473043.54,5327566.66,545.69,2009-07-24T00:00:00Z,10.3
KP 901,4473828.19,5334708.48,517.4,2009-07-26T00:00:00Z,12.2
KP 908,4476496.69,5328857.17,543.2,2009-07-24T00:00:00Z,10
KP 917,4475623.43,5333569.49,521.9,2009-07-28T00:00:00Z,11.9
KP 927,4464951.28,5326111.15,569.8,2009-07-26T00:00:00Z,9
KP 93,4467455.3,5331942.82,521.47,2009-07-24T00:00:00Z,15.5
KP 935,4462125.73,5344061.84,486,2009-07-24T00:00:00Z,15.7
KP 940,4469448.62,5342579.57,494.6,2009-07-24T00:00:00Z,11
KP 99,4465782.75,5332042.65,529.34,2009-07-25T00:00:00Z,13.4
KPA 123,4463739.87,5338488.01,505.1,2009-07-25T00:00:00Z,13.9
KPA 125,4463845.81,5339227.26,502.2,2009-07-24T00:00:00Z,14.4
KPA 134,4462998,5338624,505.4,2009-07-23T00:00:00Z,11.4
KPA 162,4462472.89,5338978.97,504.1,2009-07-25T00:00:00Z,12.9
KPA 166,4469203.14,5340336.61,499.7,2009-07-24T00:00:00Z,13.1
KPA 201,4472548.96,5332023.81,526.99,2009-07-24T00:00:00Z,11.8
KPA 215,4473063.62,5333672.52,522.2,2009-07-24T00:00:00Z,11.3
KPA 223,4473931.74,5335432.37,515.1,2009-07-26T00:00:00Z,11.6
KPA 225,4474973.4,5333456.4,521.07,2009-07-24T00:00:00Z,13.4
KPA 244,4473378.94,5334524.74,519.35,2009-07-26T00:00:00Z,11.8
KPA 270,4471753,5333510.03,528.75,2009-07-24T00:00:00Z,11.5
KPA 456,4469900.18,5337583.27,504.2,2009-07-23T00:00:00Z,12.4
KPA 461,4470264.35,5338331.22,507.55,2009-07-23T00:00:00Z,13.2
KPA 511,4455215.03,5338516.64,508.6,2009-07-25T00:00:00Z,11
KPA 717,4472958.04,5342413,494.06,2009-07-23T00:00:00Z,10.2
KPA 762,4456242.97,5332398.5,541.6,2009-07-25T00:00:00Z,8.1
KP1007,4454969.61,5338620.03,507.9,2009-07-25T00:00:00Z,10.1
KP1030,4473871.84,5333334.66,521.85,2009-07-23T00:00:00Z,10.8
KP1040,4476346.57,5327281.24,549.92,2009-07-28T00:00:00Z,10.2
KP1070,4458742.32,5335745.06,523.15,2009-07-25T00:00:00Z,10.5
KP1071,4458122.23,5335293.5,524.8,2009-07-25T00:00:00Z,10.8
KP1075,4459525.27,5337814.57,513.7,2009-07-27T00:00:00Z,10.3
KP1172,4464619.99,5339427.86,504,2009-07-24T00:00:00Z,10.8
KP1175,4460486.69,5341366.81,496.8,2009-07-24T00:00:00Z,11.6
KP1180,4462119.48,5341746.69,494.3,2009-07-24T00:00:00Z,10.6
KP1182,4467123.74,5338927.88,0,2009-07-25T00:00:00Z,15.3
KP1188,4463866.55,5339134.34,502.5,2009-07-24T00:00:00Z,13.2
KP1208,4456051.5,5337160.94,515.4,2009-07-25T00:00:00Z,9.8
KP1209,4469872.5,5338356.41,503.5,2009-07-23T00:00:00Z,13.3
KP1214,4459941.15,5338509.51,508.6,2009-07-25T00:00:00Z,12.7
KP1223,4463245.31,5345324.98,482.2,2009-07-24T00:00:00Z,12.5
KP1243,4462488.55,5334632.4,523.7,2009-07-24T00:00:00Z,10.9
KP1244,4462023.07,5335201.36,521.7,2009-07-24T00:00:00Z,9.5
KP1270,4459723.75,5336823.25,515.97,2009-07-25T00:00:00Z,11.1
KP1278,4462240.47,5341130.32,497.2,2009-07-24T00:00:00Z,13.5
KP1303,4458528.95,5338211.47,512.2,2009-07-25T00:00:00Z,10.8
KP1304,4467817.41,5338977.47,505.1,2009-07-25T00:00:00Z,13.4
KP1348,4466503.3,5339353.8,0,2009-07-23T00:00:00Z,17.3
NS 288,4471030.18,5338213.44,500.2,2009-07-23T00:00:00Z,10.7
NS 331,4470161.4,5337086.82,505.4,2009-07-26T00:00:00Z,13.8
NS 363,4469560.01,5336880.18,507.1,2009-07-24T00:00:00Z,13.3
NS 381,4469426.24,5336378.06,508.6,2009-07-23T00:00:00Z,16.6
NS 395,4470197.95,5336514.1,504.1,2009-07-24T00:00:00Z,15
NS 404,4469524.1,5336004.88,509.2,2009-07-26T00:00:00Z,12.4
NS 534,4468902.11,5334595.32,513.4,2009-07-24T00:00:00Z,17.1
NS 672,4468099.32,5333210.76,517.6,2009-07-25T00:00:00Z,14.6
NS 737,4466948.01,5332624.1,521.7,2009-07-25T00:00:00Z,12.4
NS 764,4466440.76,5331855.94,523,2009-07-25T00:00:00Z,12.6
NS 806,4466969.86,5332312.01,522.2,2009-07-25T00:00:00Z,15.4
NS 813,4468568.03,5333331.64,515.58,2009-07-25T00:00:00Z,17.7
NS 866,4466823.69,5331481.76,519.21,2009-07-25T00:00:00Z,11.9
NS 870,4466449.9,5331346.35,525.28,2009-07-25T00:00:00Z,13.4
NS 872,4466176.04,5331376.39,526.2,2009-07-25T00:00:00Z,12.8
NS 973,4467023.4,5332317.71,522.1,2009-07-25T00:00:00Z,16.4
OGP 10,4465834.32,5337703.56,506.75,2009-07-23T00:00:00Z,12.2
OGP 3,4466411.94,5338166.84,507.2,2009-07-29T00:00:00Z,14.7
OGP 4,4466513.69,5337051.72,513.7,2009-07-29T00:00:00Z,12.2
OGP 7,4466794.41,5337266.16,512.3,2009-07-29T00:00:00Z,11.5
OGP 8,4467045.46,5336811.78,514.28,2009-07-29T00:00:00Z,10.9
ORP3208,4463727.67,5344335.8,485.8,2009-07-24T00:00:00Z,10.1
ORP3216,4463007.41,5343803.63,487.3,2009-07-24T00:00:00Z,12.8
OS 115,4468683.07,5337958.69,506.8,2009-07-26T00:00:00Z,13.7
OS 145,4467229.94,5337639.98,509.95,2009-07-23T00:00:00Z,12.3
OS 88,4468489.46,5337039.74,510.1,2009-07-23T00:00:00Z,12.2
OSA 44,4468811.65,5336634.02,509.5,2009-07-23T00:00:00Z,14.2
PET BP22,4468143.06,5337937.46,508.3,2009-07-25T00:00:00Z,13.4
PET BP45,4469006.1,5337430.4,507.6,2009-07-25T00:00:00Z,14.8
TUP 1,4460988.27,5334733.56,523.81,2009-07-26T00:00:00Z,12.4
UP 119,4471773.52,5331422.02,531.7,2009-07-23T00:00:00Z,11.2
UP 12,4474990.59,5327470.77,546.6,2009-07-24T00:00:00Z,10.8
UP 121,4471780.74,5331461.48,531.7,2009-07-23T00:00:00Z,11.1
UP 146,4471716.69,5331811.36,531.3,2009-07-23T00:00:00Z,11.8
UP 148,4472243.45,5332443.54,530.96,2009-07-23T00:00:00Z,11.1
UP 155,4473713.97,5331474.26,529.35,2009-07-23T00:00:00Z,10.7
UP 158,4473553.68,5331067.13,530.6,2009-07-24T00:00:00Z,10.2
UP 170,4476272.84,5330536.45,535.2,2009-07-24T00:00:00Z,10.3
UP 176,4474055.14,5329347.31,537.8,2009-07-24T00:00:00Z,12.5
UP 178,4476058.02,5329207.56,541.5,2009-07-24T00:00:00Z,10.1
UP 180,4473798.69,5328736.7,539.5,2009-07-24T00:00:00Z,13.7
UP 184,4474695.04,5328251.13,542.4,2009-07-24T00:00:00Z,10.1
UP 189,4472817.65,5328477.68,541.3,2009-07-24T00:00:00Z,9.6
UP 194,4471037.68,5329316.05,538.9,2009-07-24T00:00:00Z,10.1
UP 195,4472616.8,5329130.36,538.7,2009-07-24T00:00:00Z,9.8
UP 200,4471739.27,5330119.66,535.8,2009-07-24T00:00:00Z,10.9
UP 203,4472846.95,5330318.04,535,2009-07-24T00:00:00Z,10.9
UP 252,4470553.53,5332327.98,530,2009-07-24T00:00:00Z,13.1
UP 260,4470094.67,5331282.36,531.3,2009-07-25T00:00:00Z,17.4
UP 294,4472515.83,5331105.94,530.6,2009-07-23T00:00:00Z,10.9
UP 4,4473700.4,5327974.18,543.6,2009-07-24T00:00:00Z,11.1
URP 313,4478351.14,5332898.27,528,2009-07-28T00:00:00Z,10.3
URP 34,4477952.67,5333526.22,527.39,2009-07-23T00:00:00Z,11.4
URP 432,4472051.7,5333722.71,525.8,2009-07-24T00:00:00Z,13.1
URP 435,4472150.18,5333630.15,526.1,2009-07-24T00:00:00Z,11.9
URP 479,4464360.28,5335002.55,520.6,2009-07-26T00:00:00Z,10.7
URP 498,4456453,5334017,532.48,2009-07-23T00:00:00Z,9.7
URP 502,4461200.76,5330517.7,546.53,2009-07-27T00:00:00Z,12.3
URP 508,4461008,5333856,528.34,2009-07-27T00:00:00Z,11
URP 719,4458285.4,5337491.5,516.12,2009-07-25T00:00:00Z,9.9
URPA 314,4478380.34,5333137.18,527.8,2009-07-28T00:00:00Z,9.7
U1 109,4465035.75,5334754.47,520.5,2009-07-25T00:00:00Z,11.7
U1 122,4466684.17,5334811.69,519.5,2009-07-26T00:00:00Z,18.6
U1 132,4466074.24,5334205.13,522.1,2009-07-26T00:00:00Z,13.9
U1 133,4461496.88,5335102.72,521.7,2009-07-23T00:00:00Z,11.2
U1 134,4465776.41,5334329.31,521.7,2009-07-26T00:00:00Z,15.6
U1 184,4464867.72,5335639.97,517.1,2009-07-23T00:00:00Z,11.7
U1 200,4465101.44,5335943.17,515.46,2009-07-23T00:00:00Z,11.8
U1 205,4466219.79,5335992.38,515.8,2009-07-29T00:00:00Z,14.1
U1 212,4462937.04,5336437.74,514.2,2009-07-24T00:00:00Z,11
U1 215,4463778.25,5336999.04,511.36,2009-07-25T00:00:00Z,11.6
U1 220,4465815.3,5337076.64,511.46,2009-07-29T00:00:00Z,12.8
U1 235,4464397.53,5337738.58,507.6,2009-07-23T00:00:00Z,11.3
U1 245,4463970.28,5338056.99,506.6,2009-07-25T00:00:00Z,12.3
U1 253,4462461.71,5337069.41,511.7,2009-07-24T00:00:00Z,9.7
U1 260,4462884.64,5338133.56,507.3,2009-07-25T00:00:00Z,11.2
U1 270,4462535.59,5337860.5,509.3,2009-07-25T00:00:00Z,10.7
U1 286,4461665.38,5337644.4,510.8,2009-07-24T00:00:00Z,11.1
U1 292,4465217.35,5337393.21,509.4,2009-07-29T00:00:00Z,12.3
U1 300,4460556.61,5337878.11,511.7,2009-07-25T00:00:00Z,11.4
U1 305,4460526.36,5338191.3,511.1,2009-07-25T00:00:00Z,12.4
U1 308,4460294.54,5337421.54,513.5,2009-07-25T00:00:00Z,13.5
U1 315,4464986.45,5337615.18,508.1,2009-07-29T00:00:00Z,12.1
U1 318,4463164.52,5338557.03,505.1,2009-07-25T00:00:00Z,11.3
U1 330,4461991.78,5338518.13,506.7,2009-07-25T00:00:00Z,12.2
U1 394,4465165.42,5338367.94,505.45,2009-07-25T00:00:00Z,15.4
U1 405,4465072.08,5338240.93,506.4,2009-07-25T00:00:00Z,12.7
U1 415,4459858.87,5336984.9,513.7,2009-07-25T00:00:00Z,12.2
U1 420,4459166.15,5337351.06,516.1,2009-07-25T00:00:00Z,10.4
U1 504,4464841.91,5336387.61,514.55,2009-07-23T00:00:00Z,11.2
U1 511,4465285.7,5336190.1,513.75,2009-07-25T00:00:00Z,12.2
U1 600,4474610.45,5331828.83,527.9,2009-07-24T00:00:00Z,12.9
U1 620,4475602.71,5331325.75,530.45,2009-07-23T00:00:00Z,11.6
U1 630,4476129.02,5331732.83,530.4,2009-07-23T00:00:00Z,10.5
U1 640,4477112.55,5331843.71,531.04,2009-07-28T00:00:00Z,9.7
U1 647,4476343.44,5332939.8,525,2009-07-28T00:00:00Z,10.2
U1 77,4465335.53,5335246.31,517.4,2009-07-23T00:00:00Z,13.9
U1 91,4464369.73,5335709.63,518,2009-07-23T00:00:00Z,10.9
U1 93,4464879.58,5334333.82,522.3,2009-07-25T00:00:00Z,11.6
U1 95,4463513.54,5334632.31,522.7,2009-07-23T00:00:00Z,11.9
U2 124,4475418.97,5332396.9,525,2009-07-23T00:00:00Z,12.8
U2 133,4476520.22,5332487.97,527.82,2009-07-28T00:00:00Z,9.8
U2 169,4473772.9,5332057.45,526.8,2009-07-23T00:00:00Z,11.1
U2 170,4473767.65,5332025.4,526.9,2009-07-23T00:00:00Z,10.9
U2 171,4471965.9,5331286.4,530.1,2009-07-23T00:00:00Z,11
U2 174,4475829.9,5332030.9,527.44,2009-07-23T00:00:00Z,10.9
U2 177,4475420,5331711.4,527.47,2009-07-23T00:00:00Z,12.4
U2 20,4476054.54,5333232.03,523.7,2009-07-28T00:00:00Z,11
U2 205,4477257,5332841.99,523.1,2009-07-28T00:00:00Z,10.2
U2 206,4477257.81,5332893.21,523,2009-07-28T00:00:00Z,10.6
U2 22,4473727.2,5332168.8,526.4,2009-07-23T00:00:00Z,12
U2 222,4478649.27,5332464.07,530.32,2009-07-28T00:00:00Z,9.5
U2 3,4472850.61,5331607.7,529.6,2009-07-23T00:00:00Z,10.9
U2 354,4476861.77,5332959.16,526.53,2009-07-28T00:00:00Z,11.1
U2 4,4473453.37,5332799.03,524.25,2009-07-23T00:00:00Z,11.8
U2 41,4473019.7,5332321.7,526.3,2009-07-23T00:00:00Z,11.4
U2 45,4473116.7,5331983.1,528.08,2009-07-23T00:00:00Z,10.9
U2 5,4473474.07,5332278.66,526,2009-07-23T00:00:00Z,12.4
U2 6,4473830.27,5331920.32,527.3,2009-07-23T00:00:00Z,11.4
U2 63,4473968.65,5332055.77,526.6,2009-07-23T00:00:00Z,11.7
U2 7,4474043.49,5332262.85,526.1,2009-07-23T00:00:00Z,12.5
U2 8,4474267.38,5332659.89,525.2,2009-07-23T00:00:00Z,12.1
U2 80,4475054.7,5332104.6,526.4,2009-07-23T00:00:00Z,12.6
U2A 220,4477441.5,5332462.4,529.25,2009-07-28T00:00:00Z,9.8
U3 10,4466470.09,5330828.19,524.6,2009-07-25T00:00:00Z,17.8
U3 100,4465462.77,5329029.84,549.4,2009-07-25T00:00:00Z,12.7
U3 101,4466255.53,5328608.6,525.7,2009-07-26T00:00:00Z,11.5
U3 102,4465691.84,5328138.72,555.2,2009-07-26T00:00:00Z,11
U3 106,4465242.09,5328724.8,551.5,2009-07-25T00:00:00Z,11.5
U3 111,4464875.99,5327408.73,561,2009-07-26T00:00:00Z,12
U3 112,4464971.5,5329871.41,544.65,2009-07-26T00:00:00Z,12
U3 116,4464999.88,5328156.61,553.9,2009-07-26T00:00:00Z,10.7
U3 123,4464155.8,5328869.51,552.4,2009-07-25T00:00:00Z,13.1
U3 125,4464486.34,5329052.18,550.7,2009-07-26T00:00:00Z,13.3
U3 149,4464257.91,5329784,545.73,2009-07-26T00:00:00Z,10.5
U3 156,4463648.12,5329112.37,551,2009-07-26T00:00:00Z,9.5
U3 157,4463719.33,5328611.44,554.3,2009-07-25T00:00:00Z,11.5
U3 158,4463641.49,5327400.83,562.7,2009-07-26T00:00:00Z,10.5
U3 168,4463457.1,5327947.86,559.8,2009-07-25T00:00:00Z,11.7
U3 172,4464304,5326140.58,571.2,2009-07-25T00:00:00Z,12.7
U3 179,4462865.87,5329434.76,551.4,2009-07-26T00:00:00Z,10.4
U3 2,4466051.35,5330184.98,530.8,2009-07-25T00:00:00Z,12.6
U3 205,4462172.03,5328608.38,556.9,2009-07-26T00:00:00Z,11.5
U3 207,4464821.85,5338319.09,505.25,2009-07-25T00:00:00Z,13.4
U3 227,4462255.25,5327010.03,565.2,2009-07-26T00:00:00Z,9
U3 232,4461677.27,5327376.76,564,2009-07-26T00:00:00Z,8.8
U3 234,4461729.07,5327894.82,560.5,2009-07-26T00:00:00Z,12.5
U3 255,4461545,5326969.98,566.4,2009-07-26T00:00:00Z,8.6
U3 299,4460830.3,5327208.97,568.5,2009-07-26T00:00:00Z,9.2
U3 300,4460564.22,5328287.29,560.1,2009-07-26T00:00:00Z,10.7
U3 323,4464965.46,5338513.1,504.3,2009-07-25T00:00:00Z,13.3
U3 324,4465451.84,5339143.83,503,2009-07-25T00:00:00Z,13.7
U3 336,4464879.5,5338044.5,506.1,2009-07-25T00:00:00Z,13.6
U3 339,4464617,5338524.5,504.7,2009-07-25T00:00:00Z,11.5
U3 347,4464672,5337121,509.1,2009-07-25T00:00:00Z,11.1
U3 460,4466455.36,5338751.85,505.95,2009-07-25T00:00:00Z,11.6
U3 48,4466506,5329489,524.2,2009-07-25T00:00:00Z,11.8
U3 55,4466618.55,5330032.79,522.8,2009-07-25T00:00:00Z,12.6
U3 60,4466210.36,5329826.96,528,2009-07-25T00:00:00Z,11.7
U3 70,4466258.71,5329622.67,526,2009-07-26T00:00:00Z,13
U3 90,4466021.52,5329003.1,531.4,2009-07-25T00:00:00Z,11.7
U3 96,4465602.68,5329270.82,546.9,2009-07-26T00:00:00Z,12.4
U3A 189,4462690.6,5327777.13,560.7,2009-07-25T00:00:00Z,10.7
U5 116,4470138.58,5333991.2,521.83,2009-07-26T00:00:00Z,10.8
U5 12,4470965.73,5331645.83,534.9,2009-07-24T00:00:00Z,12.7
U5 128,4470503.07,5334662.89,508.8,2009-07-24T00:00:00Z,13.4
U5 275,4465876.96,5332985.11,528.2,2009-07-26T00:00:00Z,14.9
U5 282,4465823.69,5332580.38,530.8,2009-07-25T00:00:00Z,11
U5 29,4470218.76,5332195.71,528.99,2009-07-24T00:00:00Z,13.7
U5 294,4466051.37,5333235.15,526.4,2009-07-26T00:00:00Z,13.1
U5 307,4465714.98,5332812,528.8,2009-07-26T00:00:00Z,16
U5 32,4470646.78,5332015.32,531.8,2009-07-29T00:00:00Z,12.8
U5 341,4464337.65,5333077.77,529,2009-07-25T00:00:00Z,10.1
U5 366,4464670.93,5333516.77,526.4,2009-07-25T00:00:00Z,10.8
U5 369,4464007.62,5333347.63,528.2,2009-07-25T00:00:00Z,10.6
U5 370,4463125.28,5333208.53,529.9,2009-07-27T00:00:00Z,12
U5 390,4462515.74,5333211.43,530.8,2009-07-23T00:00:00Z,11.6
U5 407,4462312.74,5333452.56,530,2009-07-23T00:00:00Z,11.5
U5 41,4470583.56,5332511.83,530.01,2009-07-24T00:00:00Z,13.9
U5 423,4460599.58,5332817.59,534.7,2009-07-27T00:00:00Z,9.6
U5 437,4462111.38,5332585.13,534.8,2009-07-23T00:00:00Z,12.3
U5 455,4460005.29,5333367.61,532.4,2009-07-23T00:00:00Z,10.4
U5 461,4469462.62,5333969.15,510.54,2009-07-26T00:00:00Z,14
U5 462,4469419.84,5333285.4,512,2009-07-25T00:00:00Z,12.2
U5 470,4459868.86,5334337.37,527.9,2009-07-23T00:00:00Z,11.4
U5 475,4460154.7,5333937.76,529.6,2009-07-23T00:00:00Z,10.7
U5 508,4467063.44,5333058.48,520.4,2009-07-25T00:00:00Z,13.1
U5 521,4459726.12,5333750.58,531.4,2009-07-23T00:00:00Z,10.8
U5 522,4460493.78,5333709.36,529.1,2009-07-23T00:00:00Z,9.7
U5 533,4459320.49,5333917.32,527.6,2009-07-24T00:00:00Z,10.2
U5 538,4460970.89,5331917,541.9,2009-07-26T00:00:00Z,10.3
U5 539,4460268.02,5331880.09,539,2009-07-27T00:00:00Z,10.5
U5 551,4459687.58,5335154.21,522.3,2009-07-23T00:00:00Z,11.6
U5 553,4462978.52,5333744.84,527.7,2009-07-23T00:00:00Z,12.2
U5 554,4462673.56,5332727.51,533,2009-07-26T00:00:00Z,11.6
U5 555,4459066.47,5334375.78,526.8,2009-07-24T00:00:00Z,11.1
U5 560,4458444.29,5334763.65,527.3,2009-07-25T00:00:00Z,10.5
U5 561,4463876.74,5333870.76,525.6,2009-07-25T00:00:00Z,11
U5 571,4457421.76,5333563.49,534.6,2009-07-25T00:00:00Z,9.5
U5 580,4457478.71,5335114.73,525.8,2009-07-25T00:00:00Z,10.1
U5 597,4461862.09,5333073.55,532.2,2009-07-27T00:00:00Z,11.6
U5 602,4459829.16,5335521.45,519.7,2009-07-23T00:00:00Z,11.7
U5 609,4461529.82,5333886.55,529,2009-07-23T00:00:00Z,11
U5 610,4465306.95,5332990.3,525.8,2009-07-25T00:00:00Z,12
U5 616,4462606.19,5333470.44,529.8,2009-07-23T00:00:00Z,11.9
U5 618,4459540.17,5334128.15,525.9,2009-07-24T00:00:00Z,10.6
U5 620,4459375.54,5335419.48,522.6,2009-07-23T00:00:00Z,11.3
U5 640,4458738.3,5336366.64,520.1,2009-07-25T00:00:00Z,10.9
U5 650,4457734.91,5335686.36,523,2009-07-25T00:00:00Z,10.3
U5 660,4458007.35,5336385.24,519.9,2009-07-25T00:00:00Z,10.7
U5 685,4459673.94,5334539.47,523.4,2009-07-24T00:00:00Z,12.3
U5 69,4470184.98,5333128.09,525.1,2009-07-24T00:00:00Z,14.5
U5 700,4458920.92,5333641.48,529.3,2009-07-24T00:00:00Z,11.2
U5 720,4457941.16,5333375.61,532.6,2009-07-25T00:00:00Z,10.8
U5 725,4457786.47,5333958.97,530,2009-07-25T00:00:00Z,10.7
U5 730,4457040.99,5334327.62,529.76,2009-07-24T00:00:00Z,9.8
U5 755,4461084.6,5333794.95,529.18,2009-07-24T00:00:00Z,10.3
U6 103,4463093.18,5331804.34,537.62,2009-07-27T00:00:00Z,11.6
U6 117,4462884.24,5331055.57,542.1,2009-07-27T00:00:00Z,14
U6 135,4462291.09,5330853.36,543.2,2009-07-27T00:00:00Z,11
U6 137,4461779.53,5330817.32,544.1,2009-07-26T00:00:00Z,11.1
U6 142,4462188.03,5331527.58,539.6,2009-07-27T00:00:00Z,11.9
U6 156,4461382.33,5331226.05,542.2,2009-07-27T00:00:00Z,12
U6 17,4464892.75,5330630.52,540.35,2009-07-27T00:00:00Z,11.9
U6 176,4463218.01,5329992.83,547.32,2009-07-26T00:00:00Z,10
U6 194,4460881.84,5331419.57,541.5,2009-07-27T00:00:00Z,11.4
U6 2,4465514.4,5331716.63,534.1,2009-07-26T00:00:00Z,12.3
U6 200,4460573.73,5330151.02,548.7,2009-07-26T00:00:00Z,8.7
U6 218,4459982.35,5330053.61,550.7,2009-07-27T00:00:00Z,12
U6 26,4464016.8,5332074.67,534.34,2009-07-27T00:00:00Z,9.9
U6 37,4463531.68,5331973.39,537.32,2009-07-26T00:00:00Z,10.3
U6 4,4465041.73,5331516.76,535.7,2009-07-27T00:00:00Z,12.1
U6 49,4465085.17,5331058.98,538.1,2009-07-26T00:00:00Z,13.3
U6 55,4463932.81,5330852.71,541.77,2009-07-27T00:00:00Z,9.8
U6 7,4464794.12,5331228.2,538.1,2009-07-27T00:00:00Z,12.1
U6 9,4465402.89,5330647.66,539.49,2009-07-26T00:00:00Z,12
U6 99,4461980.41,5329578.46,550.7,2009-07-27T00:00:00Z,9.9
U8 130,4467642.65,5333453.31,520,2009-07-25T00:00:00Z,15.8
U8 227,4468556.34,5331947.15,514.8,2009-07-24T00:00:00Z,13.2
U8 234,4468468.05,5331539.62,515.3,2009-07-24T00:00:00Z,11.7
U8 252,4468692.41,5331067.35,535.4,2009-07-24T00:00:00Z,12
U8 27,4468442.41,5336149.07,510.6,2009-07-24T00:00:00Z,19
U8 287,4470877.89,5331136,535.8,2009-07-24T00:00:00Z,11.1
U8 312,4469176.36,5330698.11,533.72,2009-07-24T00:00:00Z,11.5
U8 326,4469559.15,5330474.31,535.2,2009-07-24T00:00:00Z,11.4
U8 376,4470943.06,5331345.64,536.6,2009-07-24T00:00:00Z,11.5
U8 39,4467826.59,5335232.41,514.2,2009-07-24T00:00:00Z,15.4
U8 394,4470126.34,5330594.66,534.4,2009-07-25T00:00:00Z,11.9
U8 41,4467596.11,5335685.72,514,2009-07-26T00:00:00Z,15
U8 414,4468868.8,5330149.8,536,2009-07-24T00:00:00Z,11
U8 418,4468956.04,5331177.87,533.5,2009-07-24T00:00:00Z,11.7
U8 437,4469191.46,5330716.03,533.7,2009-07-24T00:00:00Z,11.5
U8 440,4470065.44,5329646.49,539.1,2009-07-25T00:00:00Z,11.7
U8 442,4469989.35,5330865.93,532.4,2009-07-24T00:00:00Z,11.6
U8 454,4471969.01,5332129.06,530.9,2009-07-23T00:00:00Z,11.4
U8 472,4470151.61,5330283,536.9,2009-07-24T00:00:00Z,11.6
U8 477,4469585.83,5329276.13,542.3,2009-07-24T00:00:00Z,11.1
U8 497,4468397.36,5328029.87,551.6,2009-07-24T00:00:00Z,8.7
U8 51,4467877.38,5334315.1,516.1,2009-07-24T00:00:00Z,14.4
U8 533,4468247.23,5330804.71,518,2009-07-25T00:00:00Z,11.9
U8 538,4467118.16,5328174.23,553.7,2009-07-24T00:00:00Z,10.5
U8 540,4467658.36,5334835.32,514.7,2009-07-26T00:00:00Z,16.2
U8 542,4470629.82,5330048.33,536.7,2009-07-24T00:00:00Z,11.2
U8 549,4467270.41,5329033.62,523.1,2009-07-24T00:00:00Z,11.2
U8 554,4468191,5330719,518.2,2009-07-25T00:00:00Z,12.7
U8 556,4467677.94,5329480.37,541.2,2009-07-25T00:00:00Z,11
U8 58,4468010.73,5335433.39,513.2,2009-07-24T00:00:00Z,13
U8 580,4466646.57,5326843.8,560.2,2009-07-24T00:00:00Z,10.5
U8 581,4466032.7,5326700.2,531.6,2009-07-26T00:00:00Z,14.5
U8 592,4468966.24,5329430.74,542.9,2009-07-24T00:00:00Z,10.1
U8 630,4467951.71,5329900.65,539.15,2009-07-24T00:00:00Z,11
U8 641,4471791.65,5328527.04,541.7,2009-07-24T00:00:00Z,10.9
U8 671,4468662.31,5330337.48,536.6,2009-07-24T00:00:00Z,10.5
U8 675,4469606.75,5328632.46,544.8,2009-07-24T00:00:00Z,11
U8 676,4469038.38,5328385.29,547.9,2009-07-24T00:00:00Z,8.8
U8 679,4468449.01,5329036.62,546.2,2009-07-24T00:00:00Z,9.7
U8 85,4467451.53,5334341.97,516.2,2009-07-26T00:00:00Z,15.7
U81045,4467778.45,5338354.96,507.5,2009-07-25T00:00:00Z,12.1
U81046,4468375.78,5338389.26,506.06,2009-07-25T00:00:00Z,14.4
U81047,4469250.51,5338300.53,506.1,2009-07-26T00:00:00Z,12.7
U81065,4468356.96,5338905.67,504.5,2009-07-23T00:00:00Z,15
U81067,4468266.56,5339789.28,502.2,2009-07-23T00:00:00Z,13.9
U81068,4468892.37,5339481.31,502.8,2009-07-24T00:00:00Z,14.9
U81125,4467342.78,5342036.43,496,2009-07-23T00:00:00Z,14.1
U81135,4466766.99,5341629.58,495.8,2009-07-23T00:00:00Z,11.1
U81159,4469932.62,5340935.35,497.8,2009-07-24T00:00:00Z,12.4
U9 103,4472540.2,5335324.18,519.9,2009-07-26T00:00:00Z,12
U9 104,4472768.97,5335107.91,521.3,2009-07-26T00:00:00Z,11.8
U9 107,4472492.92,5334917.46,521.66,2009-07-26T00:00:00Z,12
U9 119,4471816.75,5335230.02,520.5,2009-07-24T00:00:00Z,12.1
U9 127,4470929.71,5334866,524.7,2009-07-24T00:00:00Z,13
U9 130,4472502.97,5335105.4,520.1,2009-07-26T00:00:00Z,11.9
U9 132,4472107.48,5334532.43,521.7,2009-07-24T00:00:00Z,12
U9 135,4472669.82,5334724.38,521.8,2009-07-26T00:00:00Z,11.9
U9 138,4472499.72,5335150.42,520.3,2009-07-26T00:00:00Z,12.4
U9 145,4473429.3,5335082.2,519.3,2009-07-26T00:00:00Z,11
U9 148,4473003.89,5335629.57,517.8,2009-07-24T00:00:00Z,12.1
U9 151,4472982.75,5334580.48,521.2,2009-07-26T00:00:00Z,11
U9 154,4472758.96,5334352.74,525.1,2009-07-26T00:00:00Z,11.2
U9 162,4471433.96,5334392.91,523.8,2009-07-26T00:00:00Z,12.2
U9 165,4473801.38,5335277.11,514.8,2009-07-26T00:00:00Z,11.9
U9 172,4472076.38,5336512.23,516,2009-07-24T00:00:00Z,11.9
U9 175,4474201.42,5335692.71,513.7,2009-07-26T00:00:00Z,12.5
U9 188,4472168.04,5337249.01,500.2,2009-07-24T00:00:00Z,10.9
U9 194,4472507.49,5337683.12,511.3,2009-07-24T00:00:00Z,11.7
U9 31,4470996.07,5333234.46,530.7,2009-07-24T00:00:00Z,13.1
U9 34,4471081.73,5332988.98,529.9,2009-07-24T00:00:00Z,12.5
U9 55,4470438.96,5333661.77,523.28,2009-07-24T00:00:00Z,13.9
U9 61,4472146.01,5333168.65,528.27,2009-07-24T00:00:00Z,11.9
U9 70,4471264.08,5333850.33,526.8,2009-07-24T00:00:00Z,12.5
U9 86,4472200.68,5334126.4,523.26,2009-07-24T00:00:00Z,11.3
XP 5 8 1,4468957.8,5339004.2,503.6,2009-07-23T00:00:00Z,14.1
